<annotation>
	<folder>my-project-name</folder>
	<filename>cuchillo11.jpg</filename>
	<path>/my-project-name/cuchillo11.jpg</path>
	<source>
		<database>Unspecified</database>
	</source>
	<size>
		<width>640</width>
		<height>480</height>
		<depth>3</depth>
	</size>
	<object>
		<name>cuchillo</name>
		<pose>Unspecified</pose>
		<truncated>0</truncated>
		<difficult>0</difficult>
		<bndbox>
			<xmin>280</xmin>
			<ymin>138</ymin>
			<xmax>370</xmax>
			<ymax>380</ymax>
		</bndbox>
	</object>
</annotation>