<annotation>
	<folder>my-project-name</folder>
	<filename>cuchillo19.jpg</filename>
	<path>/my-project-name/cuchillo19.jpg</path>
	<source>
		<database>Unspecified</database>
	</source>
	<size>
		<width>640</width>
		<height>480</height>
		<depth>3</depth>
	</size>
	<object>
		<name>cuchillo</name>
		<pose>Unspecified</pose>
		<truncated>0</truncated>
		<difficult>0</difficult>
		<bndbox>
			<xmin>227</xmin>
			<ymin>82</ymin>
			<xmax>342</xmax>
			<ymax>283</ymax>
		</bndbox>
	</object>
</annotation>