<annotation>
	<folder>my-project-name</folder>
	<filename>cuchillo31.jpg</filename>
	<path>/my-project-name/cuchillo31.jpg</path>
	<source>
		<database>Unspecified</database>
	</source>
	<size>
		<width>640</width>
		<height>480</height>
		<depth>3</depth>
	</size>
	<object>
		<name>cuchillo</name>
		<pose>Unspecified</pose>
		<truncated>0</truncated>
		<difficult>0</difficult>
		<bndbox>
			<xmin>323</xmin>
			<ymin>196</ymin>
			<xmax>413</xmax>
			<ymax>323</ymax>
		</bndbox>
	</object>
</annotation>