<annotation>
	<folder>my-project-name</folder>
	<filename>cuchillo21.jpg</filename>
	<path>/my-project-name/cuchillo21.jpg</path>
	<source>
		<database>Unspecified</database>
	</source>
	<size>
		<width>640</width>
		<height>480</height>
		<depth>3</depth>
	</size>
	<object>
		<name>cuchillo</name>
		<pose>Unspecified</pose>
		<truncated>0</truncated>
		<difficult>0</difficult>
		<bndbox>
			<xmin>298</xmin>
			<ymin>139</ymin>
			<xmax>396</xmax>
			<ymax>319</ymax>
		</bndbox>
	</object>
</annotation>