<annotation>
	<folder>my-project-name</folder>
	<filename>pistola32.jpg</filename>
	<path>/my-project-name/pistola32.jpg</path>
	<source>
		<database>Unspecified</database>
	</source>
	<size>
		<width>640</width>
		<height>480</height>
		<depth>3</depth>
	</size>
	<object>
		<name>pistola</name>
		<pose>Unspecified</pose>
		<truncated>0</truncated>
		<difficult>0</difficult>
		<bndbox>
			<xmin>210</xmin>
			<ymin>128</ymin>
			<xmax>337</xmax>
			<ymax>222</ymax>
		</bndbox>
	</object>
</annotation>