<annotation>
	<folder>my-project-name</folder>
	<filename>pistola10.jpg</filename>
	<path>/my-project-name/pistola10.jpg</path>
	<source>
		<database>Unspecified</database>
	</source>
	<size>
		<width>640</width>
		<height>480</height>
		<depth>3</depth>
	</size>
	<object>
		<name>pistola</name>
		<pose>Unspecified</pose>
		<truncated>0</truncated>
		<difficult>0</difficult>
		<bndbox>
			<xmin>317</xmin>
			<ymin>59</ymin>
			<xmax>437</xmax>
			<ymax>246</ymax>
		</bndbox>
	</object>
</annotation>