<annotation>
	<folder>my-project-name</folder>
	<filename>pistola31.jpg</filename>
	<path>/my-project-name/pistola31.jpg</path>
	<source>
		<database>Unspecified</database>
	</source>
	<size>
		<width>640</width>
		<height>480</height>
		<depth>3</depth>
	</size>
	<object>
		<name>pistola</name>
		<pose>Unspecified</pose>
		<truncated>0</truncated>
		<difficult>0</difficult>
		<bndbox>
			<xmin>233</xmin>
			<ymin>60</ymin>
			<xmax>360</xmax>
			<ymax>140</ymax>
		</bndbox>
	</object>
</annotation>